Nome,Cognome,Ruolo,Squadra,Cr
Nikola,Jokic,Center,Denver Nuggets,"25,0"
Luka,Doncic,Guard,Dallas Mavericks,"24,0"
Giannis,Antetokounmpo,Forward,Milwaukee Bucks,"23,5"
Joel,Embiid,Center,Philadelphia 76ers,"23,0"
Anthony,Davis,Center,Los Angeles Lakers,"22,5"
Domantas,Sabonis,Center,Sacramento Kings,"22,0"
Shai,Gilgeous-Alexander,Guard,Oklahoma City Thunder,"21,5"
Victor,Wembanyama,Forward,San Antonio Spurs,"21,0"
Tyrese,Haliburton,Guard,Indiana Pacers,"20,5"
Lebron,James,Forward,Los Angeles Lakers,"20,0"
Kevin,Durant,Forward,Phoenix Suns,"19,5"
Jayson,Tatum,Forward,Boston Celtics,"19,0"
Trae,Young,Guard,Atlanta Hawks,"18,5"
Ja,Morant,Guard,Memphis Grizzlies,"18,5"
Stephen,Curry,Guard,Golden State Warriors,"18,0"
Devin,Booker,Guard,Phoenix Suns,"18,0"
Kyrie,Irving,Guard,Dallas Mavericks,"17,5"
Damian,Lillard,Guard,Milwaukee Bucks,"17,5"
James,Harden,Guard,Los Angeles Clippers,"17,0"
Lauri,Markkanen,Forward,Utah Jazz,"17,0"
Donovan,Mitchell,Guard,Cleveland Cavaliers,"16,5"
Bam,Adebayo,Center,Miami Heat,"16,5"
Jimmy,Butler,Forward,Miami Heat,"16,5"
Karl-Anthony,Towns,Center,New York Knicks,"16,5"
Lamelo,Ball,Guard,Charlotte Hornets,"16,0"
Kawhi,Leonard,Forward,Los Angeles Clippers,"16,0"
Anthony,Edwards,Guard,Minnesota Timberwolves,"16,0"
Zion,Williamson,Forward,New Orleans Pelicans,"16,0"
Scottie,Barnes,Forward,Toronto Raptors,"16,0"
Pascal,Siakam,Forward,Indiana Pacers,"15,5"
Jalen,Brunson,Guard,New York Knicks,"15,5"
Paul,George,Forward,Philadelphia 76ers,"15,5"
Tyrese,Maxey,Guard,Philadelphia 76ers,"15,5"
De'Aaron,Fox,Guard,Sacramento Kings,"15,5"
Jaylen,Brown,Forward,Boston Celtics,"15,0"
Jarrett,Allen,Center,Cleveland Cavaliers,"15,0"
Alperen,Sengun,Center,Houston Rockets,"15,0"
Julius,Randle,Forward,Minnesota Timberwolves,"15,0"
Kristaps,Porzingis,Forward,Boston Celtics,"14,5"
Nikola,Vucevic,Center,Chicago Bulls,"14,5"
Jamal,Murray,Guard,Denver Nuggets,"14,5"
Deandre,Ayton,Center,Portland Trail Blazers,"14,5"
Darius,Garland,Guard,Cleveland Cavaliers,"14,0"
Jalen,Duren,Center,Detroit Pistons,"14,0"
Jaren,Jackson Jr,Forward,Memphis Grizzlies,"14,0"
Rudy,Gobert,Center,Minnesota Timberwolves,"14,0"
Dejounte,Murray,Guard,New Orleans Pelicans,"14,0"
Paolo,Banchero,Forward,Orlando Magic,"14,0"
Jrue,Holiday,Guard,Boston Celtics,"13,5"
Fred,Vanvleet,Guard,Houston Rockets,"13,5"
Brandon,Ingram,Forward,New Orleans Pelicans,"13,5"
Chet,Holmgren,Center,Oklahoma City Thunder,"13,5"
Bradley,Beal,Guard,Phoenix Suns,"13,5"
Kyle,Kuzma,Forward,Washington Wizards,"13,5"
Miles,Bridges,Forward,Charlotte Hornets,"13,0"
Evan,Mobley,Forward,Cleveland Cavaliers,"13,0"
Cade,Cunningham,Guard,Detroit Pistons,"13,0"
Myles,Turner,Center,Indiana Pacers,"13,0"
Franz,Wagner,Forward,Orlando Magic,"13,0"
Demar,Derozan,Forward,Sacramento Kings,"13,0"
Nicolas,Claxton,Center,Brooklyn Nets,"12,5"
Desmond,Bane,Guard,Memphis Grizzlies,"12,5"
Mikal,Bridges,Forward,New York Knicks,"12,5"
Jalen,Johnson,Forward,Atlanta Hawks,"12,0"
Aaron,Gordon,Forward,Denver Nuggets,"12,0"
Jalen,Williams,Forward,Oklahoma City Thunder,"12,0"
Jerami,Grant,Forward,Portland Trail Blazers,"12,0"
Jonas,Valanciunas,Center,Washington Wizards,"12,0"
Derrick,White,Guard,Boston Celtics,"11,5"
Jabari,Smith Jr,Forward,Houston Rockets,"11,5"
Jalen,Green,Guard,Houston Rockets,"11,5"
CJ,Mccollum,Guard,New Orleans Pelicans,"11,5"
Clint,Capela,Center,Atlanta Hawks,"11,0"
Joe,Mazzulla,Head Coach,Boston Celtics,"11,0"
Brandon,Miller,Forward,Charlotte Hornets,"11,0"
Josh,Giddey,Guard,Chicago Bulls,"11,0"
Zach,Lavine,Guard,Chicago Bulls,"11,0"
Jason,Kidd,Head Coach,Dallas Mavericks,"11,0"
Klay,Thompson,Guard,Dallas Mavericks,"11,0"
Draymond,Green,Forward,Golden State Warriors,"11,0"
Austin,Reaves,Guard,Los Angeles Lakers,"11,0"
Tyler,Herro,Guard,Miami Heat,"11,0"
Josh,Hart,Guard,New York Knicks,"11,0"
Isaiah,Hartenstein,Center,Oklahoma City Thunder,"11,0"
Wendell,Carter Jr,Center,Orlando Magic,"11,0"
Jusuf,Nurkic,Center,Phoenix Suns,"11,0"
Devin,Vassell,Guard,San Antonio Spurs,"11,0"
RJ,Barrett,Forward,Toronto Raptors,"11,0"
John,Collins,Forward,Utah Jazz,"11,0"
P.J.,Washington,Forward,Dallas Mavericks,"10,5"
Mike,Malone,Head Coach,Denver Nuggets,"10,5"
Ausar,Thompson,Guard,Detroit Pistons,"10,5"
Tobias,Harris,Forward,Detroit Pistons,"10,5"
Brook,Lopez,Center,Milwaukee Bucks,"10,5"
Khris,Middleton,Forward,Milwaukee Bucks,"10,5"
Chris,Finch,Head Coach,Minnesota Timberwolves,"10,5"
Anfernee,Simons,Guard,Portland Trail Blazers,"10,5"
Keegan,Murray,Forward,Sacramento Kings,"10,5"
Chris,Paul,Guard,San Antonio Spurs,"10,5"
Mark,Williams,Center,Charlotte Hornets,"10,0"
Daniel,Gafford,Center,Dallas Mavericks,"10,0"
Michael,Porter Jr,Forward,Denver Nuggets,"10,0"
Buddy,Hield,Guard,Golden State Warriors,"10,0"
Amen,Thompson,Guard,Houston Rockets,"10,0"
Ivica,Zubac,Center,Los Angeles Clippers,"10,0"
Doc,Rivers,Head Coach,Milwaukee Bucks,"10,0"
Tom,Thibodeau,Head Coach,New York Knicks,"10,0"
Mark,Daigneault,Head Coach,Oklahoma City Thunder,"10,0"
Donovan,Clingan,Center,Portland Trail Blazers,"10,0"
Keldon,Johnson,Forward,San Antonio Spurs,"10,0"
Bogdan,Bogdanovic,Guard,Atlanta Hawks,"9,5"
Cam,Thomas,Guard,Brooklyn Nets,"9,5"
Dennis,Schroder,Guard,Brooklyn Nets,"9,5"
Coby,White,Guard,Chicago Bulls,"9,5"
Jaden,Ivey,Guard,Detroit Pistons,"9,5"
Brandin,Podziemski,Guard,Golden State Warriors,"9,5"
Jonathan,Kuminga,Forward,Golden State Warriors,"9,5"
D'angelo,Russell,Guard,Los Angeles Lakers,"9,5"
Donte,DiVincenzo,Guard,Minnesota Timberwolves,"9,5"
Trey,Murphy III,Forward,New Orleans Pelicans,"9,5"
Nick,Nurse,Head Coach,Philadelphia 76ers,"9,5"
Scoot,Henderson,Guard,Portland Trail Blazers,"9,5"
Shaedon,Sharpe,Guard,Portland Trail Blazers,"9,5"
Malik,Monk,Guard,Sacramento Kings,"9,5"
Immanuel,Quickley,Guard,Toronto Raptors,"9,5"
Jakob,Poeltl,Center,Toronto Raptors,"9,5"
Walker,Kessler,Center,Utah Jazz,"9,5"
Jordan,Poole,Guard,Washington Wizards,"9,5"
Onyeka,Okongwu,Center,Atlanta Hawks,"9,0"
Cameron,Johnson,Forward,Brooklyn Nets,"9,0"
Dereck,Lively II,Center,Dallas Mavericks,"9,0"
Russell,Westbrook,Guard,Denver Nuggets,"9,0"
Simone,Fontecchio,Forward,Detroit Pistons,"9,0"
Andrew,Wiggins,Forward,Golden State Warriors,"9,0"
Bennedict,Mathurin,Guard,Indiana Pacers,"9,0"
T.J.,Mcconnell,Guard,Indiana Pacers,"9,0"
Zach,Edey,Center,Memphis Grizzlies,"9,0"
Erik,Spoelstra,Head Coach,Miami Heat,"9,0"
Jaime,Jaquez Jr,Forward,Miami Heat,"9,0"
Terry,Rozier III,Guard,Miami Heat,"9,0"
Bobby,Portis,Forward,Milwaukee Bucks,"9,0"
Naz,Reid,Center,Minnesota Timberwolves,"9,0"
Mitchell,Robinson,Center,New York Knicks,"9,0"
Og,Anunoby,Forward,New York Knicks,"9,0"
Luguentz,Dort,Guard,Oklahoma City Thunder,"9,0"
Tyus,Jones,Guard,Phoenix Suns,"9,0"
Mike,Budenholzer,Head Coach,Phoenix Suns,"9,0"
Robert,Williams III,Center,Portland Trail Blazers,"9,0"
Deni,Avdija,Forward,Portland Trail Blazers,"9,0"
Tre,Jones,Guard,San Antonio Spurs,"9,0"
De'Andre,Hunter,Forward,Atlanta Hawks,"8,5"
Larry,Nance Jr,Forward,Atlanta Hawks,"8,5"
Al,Horford,Center,Boston Celtics,"8,5"
Nick,Richards,Center,Charlotte Hornets,"8,5"
Caris,Levert,Guard,Cleveland Cavaliers,"8,5"
Kenny,Atkinson,Head Coach,Cleveland Cavaliers,"8,5"
Isaiah,Stewart,Forward,Detroit Pistons,"8,5"
Steve,Kerr,Head Coach,Golden State Warriors,"8,5"
Trayce,Jackson-Davis,Forward,Golden State Warriors,"8,5"
Dillon,Brooks,Forward,Houston Rockets,"8,5"
Rick,Carlisle,Head Coach,Indiana Pacers,"8,5"
Brandon,Clarke,Forward,Memphis Grizzlies,"8,5"
Taylor,Jenkins,Head Coach,Memphis Grizzlies,"8,5"
Mike,Conley,Guard,Minnesota Timberwolves,"8,5"
Kentavious,Caldwell-Pope,Guard,Orlando Magic,"8,5"
Jalen,Suggs,Guard,Orlando Magic,"8,5"
Jeremy,Sochan,Forward,San Antonio Spurs,"8,5"
Jordan,Clarkson,Guard,Utah Jazz,"8,5"
Alexandre,Sarr,Center,Washington Wizards,"8,5"
Dyson,Daniels,Guard,Atlanta Hawks,"8,0"
Zaccharie,Risacher,Forward,Atlanta Hawks,"8,0"
Ayo,Dosunmu,Guard,Chicago Bulls,"8,0"
Max,Strus,Guard,Cleveland Cavaliers,"8,0"
Spencer,Dinwiddie,Guard,Dallas Mavericks,"8,0"
Ron,Holland II,Forward,Detroit Pistons,"8,0"
Reed,Sheppard,Guard,Houston Rockets,"8,0"
Aaron,Nesmith,Forward,Indiana Pacers,"8,0"
Obi,Toppin,Forward,Indiana Pacers,"8,0"
Norman,Powell,Guard,Los Angeles Clippers,"8,0"
Tyronn,Lue,Head Coach,Los Angeles Clippers,"8,0"
JJ,Redick,Head Coach,Los Angeles Lakers,"8,0"
Rui,Hachimura,Forward,Los Angeles Lakers,"8,0"
Marcus,Smart,Guard,Memphis Grizzlies,"8,0"
Santi,Aldama,Forward,Memphis Grizzlies,"8,0"
Jaden,Mcdaniels,Forward,Minnesota Timberwolves,"8,0"
Herbert,Jones,Forward,New Orleans Pelicans,"8,0"
Willie,Green,Head Coach,New Orleans Pelicans,"8,0"
Jaylin,Williams,Forward,Oklahoma City Thunder,"8,0"
Jamahl,Mosley,Head Coach,Orlando Magic,"8,0"
Cole,Anthony,Guard,Orlando Magic,"8,0"
Caleb,Martin,Forward,Philadelphia 76ers,"8,0"
Kelly,Oubre Jr,Forward,Philadelphia 76ers,"8,0"
Royce,O'Neale,Forward,Phoenix Suns,"8,0"
Kevin,Huerter,Guard,Sacramento Kings,"8,0"
Zach,Collins,Forward,San Antonio Spurs,"8,0"
Bruce,Brown,Guard,Toronto Raptors,"8,0"
Kelly,Olynyk,Forward,Toronto Raptors,"8,0"
Collin,Sexton,Guard,Utah Jazz,"8,0"
Keyonte,George,Guard,Utah Jazz,"8,0"
Marvin,Bagley III,Forward,Washington Wizards,"8,0"
Malcolm,Brogdon,Guard,Washington Wizards,"8,0"
Quin,Snyder,Head Coach,Atlanta Hawks,"7,5"
Dorian,Finney-Smith,Forward,Brooklyn Nets,"7,5"
Cody,Martin,Forward,Charlotte Hornets,"7,5"
Grant,Williams,Forward,Charlotte Hornets,"7,5"
Vasilije,Micic,Guard,Charlotte Hornets,"7,5"
Jalen,Smith,Center,Chicago Bulls,"7,5"
Matas,Buzelis,Forward,Chicago Bulls,"7,5"
Christian,Braun,Guard,Denver Nuggets,"7,5"
Tim,Hardaway Jr,Forward,Detroit Pistons,"7,5"
Ime,Udoka,Head Coach,Houston Rockets,"7,5"
Steven,Adams,Center,Houston Rockets,"7,5"
Andrew,Nembhard,Guard,Indiana Pacers,"7,5"
GG,Jackson II,Forward,Memphis Grizzlies,"7,5"
Luke,Kennard,Guard,Memphis Grizzlies,"7,5"
Kel'el,Ware,Center,Miami Heat,"7,5"
Gary,Trent Jr,Guard,Milwaukee Bucks,"7,5"
Precious,Achiuwa,Forward,New York Knicks,"7,5"
Alex,Caruso,Guard,Oklahoma City Thunder,"7,5"
Dillon,Jones,Forward,Oklahoma City Thunder,"7,5"
Guerson,Yabusele,Forward,Philadelphia 76ers,"7,5"
Grayson,Allen,Guard,Phoenix Suns,"7,5"
Mason,Plumlee,Center,Phoenix Suns,"7,5"
Mike,Brown,Head Coach,Sacramento Kings,"7,5"
Harrison,Barnes,Forward,San Antonio Spurs,"7,5"
Taylor,Hendricks,Forward,Utah Jazz,"7,5"
Saddiq,Bey,Forward,Washington Wizards,"7,5"
Tristan,Vukcevic,Forward,Washington Wizards,"7,5"
Jordi,Fernandez,Head Coach,Brooklyn Nets,"7,0"
Josh,Green,Guard,Charlotte Hornets,"7,0"
KJ,Simpson,Guard,Charlotte Hornets,"7,0"
Patrick,Williams,Forward,Chicago Bulls,"7,0"
Talen,Horton-Tucker,Guard,Chicago Bulls,"7,0"
Jaylon,Tyson,Guard,Cleveland Cavaliers,"7,0"
Quentin,Grimes,Guard,Dallas Mavericks,"7,0"
Bobi,Klintman,Forward,Detroit Pistons,"7,0"
De'Anthony,Melton,Guard,Golden State Warriors,"7,0"
Kyle,Anderson,Forward,Golden State Warriors,"7,0"
Cam,Whitmore,Forward,Houston Rockets,"7,0"
Tari,Eason,Forward,Houston Rockets,"7,0"
James,Wiseman,Center,Indiana Pacers,"7,0"
Kevin,Porter Jr,Guard,Los Angeles Clippers,"7,0"
Nicolas,Batum,Forward,Los Angeles Clippers,"7,0"
Dalton,Knecht,Guard,Los Angeles Lakers,"7,0"
Max,Christie,Guard,Los Angeles Lakers,"7,0"
Cam,Spencer,Guard,Memphis Grizzlies,"7,0"
Jaylen,Wells,Forward,Memphis Grizzlies,"7,0"
Duncan,Robinson,Forward,Miami Heat,"7,0"
Terrence,Shannon,Guard,Minnesota Timberwolves,"7,0"
Isaiah,Joe,Guard,Oklahoma City Thunder,"7,0"
Ajay,Mitchell,Guard,Oklahoma City Thunder,"7,0"
Andre,Drummond,Center,Philadelphia 76ers,"7,0"
Kyle,Lowry,Guard,Philadelphia 76ers,"7,0"
Devin,Carter,Guard,Sacramento Kings,"7,0"
Gregg,Popovich,Head Coach,San Antonio Spurs,"7,0"
Stephon,Castle,Guard,San Antonio Spurs,"7,0"
Darko,Rajakovic,Head Coach,Toronto Raptors,"7,0"
Gradey,Dick,Guard,Toronto Raptors,"7,0"
Carlton,Carrington,Guard,Washington Wizards,"7,0"
Corey,Kispert,Forward,Washington Wizards,"7,0"
Richaun,Holmes,Forward,Washington Wizards,"7,0"
Anton,Watson,Forward,Boston Celtics,"6,5"
Baylor,Scheierman,Guard,Boston Celtics,"6,5"
Lonnie,Walker IV,Guard,Boston Celtics,"6,5"
Bojan,Bogdanovic,Forward,Brooklyn Nets,"6,5"
Day'ron,Sharpe,Center,Brooklyn Nets,"6,5"
Billy,Donovan,Head Coach,Chicago Bulls,"6,5"
Naji,Marshall,Forward,Dallas Mavericks,"6,5"
Peyton,Watson,Guard,Denver Nuggets,"6,5"
Malik,Beasley,Guard,Detroit Pistons,"6,5"
Paul,Reed,Forward,Detroit Pistons,"6,5"
Quinten,Post,Center,Golden State Warriors,"6,5"
Enrique,Freeman,Forward,Indiana Pacers,"6,5"
Derrick,Jones Jr,Forward,Los Angeles Clippers,"6,5"
Terance,Mann,Guard,Los Angeles Clippers,"6,5"
Christian,Wood,Forward,Los Angeles Lakers,"6,5"
Gabe,Vincent,Guard,Los Angeles Lakers,"6,5"
Jarred,Vanderbilt,Forward,Los Angeles Lakers,"6,5"
John,Konchar,Guard,Memphis Grizzlies,"6,5"
Alec,Burks,Guard,Miami Heat,"6,5"
Kevin,Love,Forward,Miami Heat,"6,5"
Taurean,Prince,Forward,Milwaukee Bucks,"6,5"
Tyler,Smith,Forward,Milwaukee Bucks,"6,5"
Rob,Dillingham,Guard,Minnesota Timberwolves,"6,5"
Jordan,Hawkins,Guard,New Orleans Pelicans,"6,5"
Cason,Wallace,Guard,Oklahoma City Thunder,"6,5"
Aaron,Wiggins,Guard,Oklahoma City Thunder,"6,5"
Gary,Harris,Guard,Orlando Magic,"6,5"
Tristan,Da Silva,Forward,Orlando Magic,"6,5"
Eric,Gordon,Guard,Philadelphia 76ers,"6,5"
Dalano,Banton,Forward,Portland Trail Blazers,"6,5"
Jabari,Walker,Forward,Portland Trail Blazers,"6,5"
Jordan,McLaughlin,Guard,Sacramento Kings,"6,5"
Trey,Lyles,Forward,Sacramento Kings,"6,5"
Chris,Boucher,Forward,Toronto Raptors,"6,5"
Drew,Eubanks,Center,Utah Jazz,"6,5"
Kyle,Filipowski,Center,Utah Jazz,"6,5"
Will,Hardy,Head Coach,Utah Jazz,"6,5"
Brice,Sensabaugh,Forward,Utah Jazz,"6,5"
Bilal,Coulibaly,Guard,Washington Wizards,"6,5"
Payton,Pritchard,Guard,Boston Celtics,"6,0"
Sam,Hauser,Forward,Boston Celtics,"6,0"
Xavier,Tillman,Forward,Boston Celtics,"6,0"
Ben,Simmons,Guard,Brooklyn Nets,"6,0"
Charles,Lee,Head Coach,Charlotte Hornets,"6,0"
Tidjane,Salaun,Forward,Charlotte Hornets,"6,0"
Tre,Mann,Guard,Charlotte Hornets,"6,0"
Jevon,Carter,Guard,Chicago Bulls,"6,0"
Lonzo,Ball,Guard,Chicago Bulls,"6,0"
Georges,Niang,Forward,Cleveland Cavaliers,"6,0"
Dwight,Powell,Center,Dallas Mavericks,"6,0"
Jaden,Hardy,Guard,Dallas Mavericks,"6,0"
Julian,Strawther,Guard,Denver Nuggets,"6,0"
J.B.,Bickerstaff,Head Coach,Detroit Pistons,"6,0"
Marcus,Sasser,Guard,Detroit Pistons,"6,0"
Kevon,Looney,Center,Golden State Warriors,"6,0"
Gary,Payton II,Guard,Golden State Warriors,"6,0"
Jock,Landale,Center,Houston Rockets,"6,0"
Kris,Dunn,Guard,Los Angeles Clippers,"6,0"
Cam,Reddish,Forward,Los Angeles Lakers,"6,0"
Scotty,Pippen Jr,Guard,Memphis Grizzlies,"6,0"
Vince,Williams Jr,Guard,Memphis Grizzlies,"6,0"
Nikola,Jovic,Forward,Miami Heat,"6,0"
Thomas,Bryant,Center,Miami Heat,"6,0"
Pat,Connaughton,Guard,Milwaukee Bucks,"6,0"
Antonio,Reeves,Guard,New Orleans Pelicans,"6,0"
Jose,Alvarado,Guard,New Orleans Pelicans,"6,0"
Yves,Missi,Center,New Orleans Pelicans,"6,0"
Kevin,McCullar Jr,Guard,New York Knicks,"6,0"
Kenrich,Williams,Guard,Oklahoma City Thunder,"6,0"
Anthony,Black,Guard,Orlando Magic,"6,0"
Jonathan,Isaac,Forward,Orlando Magic,"6,0"
Moritz,Wagner,Forward,Orlando Magic,"6,0"
Chauncey,Billups,Head Coach,Portland Trail Blazers,"6,0"
Tuomani,Camara,Forward,Portland Trail Blazers,"6,0"
Kris,Murray,Forward,Portland Trail Blazers,"6,0"
Malaki,Branham,Forward,San Antonio Spurs,"6,0"
Brian,Keefe,Head Coach,Washington Wizards,"6,0"
Shake,Milton,Guard,Brooklyn Nets,"5,5"
Nick,Smith Jr,Guard,Charlotte Hornets,"5,5"
Chris,Duarte,Guard,Chicago Bulls,"5,5"
Torrey,Craig,Forward,Chicago Bulls,"5,5"
Isaac,Okoro,Forward,Cleveland Cavaliers,"5,5"
Jamarion,Sharp,Center,Dallas Mavericks,"5,5"
Maxi,Kleber,Forward,Dallas Mavericks,"5,5"
Dario,Saric,Forward,Denver Nuggets,"5,5"
Moses,Moody,Guard,Golden State Warriors,"5,5"
Jeff,Green,Forward,Houston Rockets,"5,5"
Ben,Sheppard,Guard,Indiana Pacers,"5,5"
Isaiah,Jackson,Forward,Indiana Pacers,"5,5"
Johnny,Furphy,Guard,Indiana Pacers,"5,5"
Tristen,Newton,Guard,Indiana Pacers,"5,5"
Bones,Hyland,Guard,Los Angeles Clippers,"5,5"
Mo,Bamba,Center,Los Angeles Clippers,"5,5"
Jordan,Goodwin,Guard,Memphis Grizzlies,"5,5"
Haywood,Highsmith,Forward,Miami Heat,"5,5"
Josh,Richardson,Guard,Miami Heat,"5,5"
AJ,Johnson,Guard,Milwaukee Bucks,"5,5"
MarJon,Beauchamp,Forward,Milwaukee Bucks,"5,5"
Nickeil,Alexander-Walker,Guard,Minnesota Timberwolves,"5,5"
Daniel,Theis,Center,New Orleans Pelicans,"5,5"
Cameron,Payne,Guard,New York Knicks,"5,5"
Nikola,Topic,Guard,Oklahoma City Thunder,"5,5"
Goga,Bitadze,Center,Orlando Magic,"5,5"
Kenyon,Martin Jr,Forward,Philadelphia 76ers,"5,5"
Ricky,Council IV,Guard,Philadelphia 76ers,"5,5"
Bol,Bol,Center,Phoenix Suns,"5,5"
Matisse,Thybulle,Forward,Portland Trail Blazers,"5,5"
Julian,Champagnie,Forward,San Antonio Spurs,"5,5"
Davion,Mitchell,Guard,Toronto Raptors,"5,5"
Ochai,Agbaji,Guard,Toronto Raptors,"5,5"
Johnny,Davis,Guard,Washington Wizards,"5,5"
Nikola,Djurisic,Forward,Atlanta Hawks,"5,0"
Neemias,Queta,Center,Boston Celtics,"5,0"
Jalen,Wilson,Forward,Brooklyn Nets,"5,0"
Trendon,Watford,Forward,Brooklyn Nets,"5,0"
Killian,Hayes,Guard,Brooklyn Nets,"5,0"
Dalen,Terry,Forward,Chicago Bulls,"5,0"
Craig,Porter Jr,Guard,Cleveland Cavaliers,"5,0"
Dean,Wade,Forward,Cleveland Cavaliers,"5,0"
Dante,Exum,Guard,Dallas Mavericks,"5,0"
Zeke,Nnaji,Forward,Denver Nuggets,"5,0"
Tosan,Evbuomwan,Forward,Detroit Pistons,"5,0"
Aaron,Holiday,Guard,Houston Rockets,"5,0"
Jae'Sean,Tate,Forward,Houston Rockets,"5,0"
Doug,McDermott,Forward,Indiana Pacers,"5,0"
Jarace,Walker,Forward,Indiana Pacers,"5,0"
Amir,Coffey,Guard,Los Angeles Clippers,"5,0"
Cam,Christie,Guard,Los Angeles Clippers,"5,0"
Bronny,James,Guard,Los Angeles Lakers,"5,0"
Christian,Koloko,Center,Los Angeles Lakers,"5,0"
Jaxson,Hayes,Center,Los Angeles Lakers,"5,0"
Jake,Laravia,Forward,Memphis Grizzlies,"5,0"
Pelle,Larsson,Guard,Miami Heat,"5,0"
Nassir,Little,Forward,Miami Heat,"5,0"
A.J.,Green,Guard,Milwaukee Bucks,"5,0"
Delon,Wright,Guard,Milwaukee Bucks,"5,0"
Jae,Crowder,Forward,Milwaukee Bucks,"5,0"
Joe,Ingles,Forward,Minnesota Timberwolves,"5,0"
PJ,Dozier,Guard,Minnesota Timberwolves,"5,0"
Javonte,Green,Guard,New Orleans Pelicans,"5,0"
Jeremiah,Robinson-Earl,Forward,New Orleans Pelicans,"5,0"
Ariel,Hukporti,Center,New York Knicks,"5,0"
Miles,McBride,Guard,New York Knicks,"5,0"
Tyler,Kolek,Guard,New York Knicks,"5,0"
Ousmane,Dieng,Forward,Oklahoma City Thunder,"5,0"
Cory,Joseph,Guard,Orlando Magic,"5,0"
Jared,McCain,Guard,Philadelphia 76ers,"5,0"
Reggie,Jackson,Guard,Philadelphia 76ers,"5,0"
Damion,Lee,Guard,Phoenix Suns,"5,0"
Josh,Okogie,Guard,Phoenix Suns,"5,0"
Monte,Morris,Guard,Phoenix Suns,"5,0"
Oso,Ighodaro,Forward,Phoenix Suns,"5,0"
Duop,Reath,Center,Portland Trail Blazers,"5,0"
Devonte',Graham,Guard,Portland Trail Blazers,"5,0"
Ryan,Rupert,Guard,Portland Trail Blazers,"5,0"
Jalen,McDaniels,Forward,Sacramento Kings,"5,0"
Orlando,Robinson,Center,Sacramento Kings,"5,0"
Blake,Wesley,Guard,San Antonio Spurs,"5,0"
Harrison,Ingram,Forward,San Antonio Spurs,"5,0"
Ja'Kobe,Walter,Guard,Toronto Raptors,"5,0"
Jamal,Shead,Guard,Toronto Raptors,"5,0"
Cody,Williams,Forward,Utah Jazz,"5,0"
Isaiah,Collier,Guard,Utah Jazz,"5,0"
Patty,Mills,Guard,Utah Jazz,"5,0"
Patrick,Baldwin Jr,Forward,Washington Wizards,"5,0"
Cody,Zeller,Center,Atlanta Hawks,"4,5"
Garrison,Matthews,Guard,Atlanta Hawks,"4,5"
Kobe,Bufkin,Guard,Atlanta Hawks,"4,5"
Noah,Clowney,Forward,Brooklyn Nets,"4,5"
Ziaire,Williams,Forward,Brooklyn Nets,"4,5"
Seth,Curry,Guard,Charlotte Hornets,"4,5"
Taj,Gibson,Forward,Charlotte Hornets,"4,5"
Daquan,Jeffries,Guard,Charlotte Hornets,"4,5"
Adama,Sanogo,Forward,Chicago Bulls,"4,5"
Kenny,Lofton Jr,Forward,Chicago Bulls,"4,5"
Emoni,Bates,Forward,Cleveland Cavaliers,"4,5"
JT,Thor,Forward,Cleveland Cavaliers,"4,5"
Olivier,Maxence-Prosper,Forward,Dallas Mavericks,"4,5"
Deandre,Jordan,Center,Denver Nuggets,"4,5"
Wendell,Moore Jr,Guard,Detroit Pistons,"4,5"
Kai,Jones,Center,Los Angeles Clippers,"4,5"
P.J.,Tucker,Forward,Los Angeles Clippers,"4,5"
Lamar,Stevens,Forward,Memphis Grizzlies,"4,5"
Dru,Smith,Guard,Miami Heat,"4,5"
Thanasis,Antetokounmpo,Forward,Milwaukee Bucks,"4,5"
Josh,Minott,Forward,Minnesota Timberwolves,"4,5"
Dereon,Seabron,Guard,New Orleans Pelicans,"4,5"
Matt,Ryan,Forward,New Orleans Pelicans,"4,5"
Trey,Jemison,Center,New Orleans Pelicans,"4,5"
Jericho,Sims,Center,New York Knicks,"4,5"
Pacome,Dadiet,Forward,New York Knicks,"4,5"
Landry,Shamet,Guard,New York Knicks,"4,5"
Caleb,Houstan,Guard,Orlando Magic,"4,5"
Jeff,Dowtin Jr,Guard,Philadelphia 76ers,"4,5"
Ryan,Dunn,Forward,Phoenix Suns,"4,5"
Saben,Lee,Guard,Phoenix Suns,"4,5"
Thaddeus,Young,Forward,Phoenix Suns,"4,5"
Alex,Len,Center,Sacramento Kings,"4,5"
Brandon,Boston Jr,Guard,San Antonio Spurs,"4,5"
Malachi,Flynn,Guard,San Antonio Spurs,"4,5"
Sandro,Mamukelashvili,Forward,San Antonio Spurs,"4,5"
Bruno,Fernando,Forward,Toronto Raptors,"4,5"
Jonathan,Mogbo,Forward,Toronto Raptors,"4,5"
Ulrich,Chomche,Forward,Toronto Raptors,"4,5"
Jason,Preston,Guard,Utah Jazz,"4,5"
Anthony,Gill,Forward,Washington Wizards,"4,5"
Kyshawn,George,Guard,Washington Wizards,"4,5"
David,Roddy,Forward,Atlanta Hawks,"4,0"
Dominick,Barlow,Forward,Atlanta Hawks,"4,0"
Keaton,Wallace,Guard,Atlanta Hawks,"4,0"
Mouhamed,Gueye,Forward,Atlanta Hawks,"4,0"
Seth,Lundy,Guard,Atlanta Hawks,"4,0"
Vit,Krejci,Guard,Atlanta Hawks,"4,0"
Drew,Peterson,Forward,Boston Celtics,"4,0"
Jaden,Springer,Guard,Boston Celtics,"4,0"
JD,Davison,Guard,Boston Celtics,"4,0"
Jordan,Walsh,Guard,Boston Celtics,"4,0"
Luke,Kornet,Center,Boston Celtics,"4,0"
Ron,Harper Jr,Guard,Boston Celtics,"4,0"
Tristan,Enaruna,Forward,Boston Celtics,"4,0"
Dariq,Whitehead,Forward,Brooklyn Nets,"4,0"
Jaylen,Martin,Guard,Brooklyn Nets,"4,0"
Keon,Johnson,Guard,Brooklyn Nets,"4,0"
Keyontae,Johnson,Forward,Charlotte Hornets,"4,0"
Moussa,Diabate,Forward,Charlotte Hornets,"4,0"
DJ,Steward,Guard,Chicago Bulls,"4,0"
E.J.,Liddell,Forward,Chicago Bulls,"4,0"
Julian,Phillips,Forward,Chicago Bulls,"4,0"
Marcus,Domask,Guard,Chicago Bulls,"4,0"
Onuralp,Bitim,Forward,Chicago Bulls,"4,0"
Damian,Jones,Center,Cleveland Cavaliers,"4,0"
Isaiah,Mobley,Forward,Cleveland Cavaliers,"4,0"
Luke,Travers,Forward,Cleveland Cavaliers,"4,0"
Pete,Nance,Forward,Cleveland Cavaliers,"4,0"
Sam,Merrill,Guard,Cleveland Cavaliers,"4,0"
Tristan,Thompson,Center,Cleveland Cavaliers,"4,0"
Ty,Jerome,Guard,Cleveland Cavaliers,"4,0"
A.J.,Lawson,Guard,Dallas Mavericks,"4,0"
Brandon,Williams,Guard,Dallas Mavericks,"4,0"
Kessler,Edwards,Forward,Dallas Mavericks,"4,0"
Braxton,Key,Forward,Denver Nuggets,"4,0"
Hunter,Tyson,Forward,Denver Nuggets,"4,0"
Jalen,Pickett,Guard,Denver Nuggets,"4,0"
PJ,Hall,Center,Denver Nuggets,"4,0"
Trey,Alexander,Guard,Denver Nuggets,"4,0"
Vlatko,Cancar,Forward,Denver Nuggets,"4,0"
Daniss,Jenkins,Guard,Detroit Pistons,"4,0"
Gui,Santos,Forward,Golden State Warriors,"4,0"
Jackson,Rowe,Forward,Golden State Warriors,"4,0"
Lindy,Waters III,Forward,Golden State Warriors,"4,0"
Pat,Spencer,Guard,Golden State Warriors,"4,0"
Reece,Beekman,Guard,Golden State Warriors,"4,0"
Usman,Garuba,Forward,Golden State Warriors,"4,0"
Cole,Swider,Forward,Indiana Pacers,"4,0"
James,Johnson,Forward,Indiana Pacers,"4,0"
Kendall,Brown,Guard,Indiana Pacers,"4,0"
Quenton,Jackson,Guard,Indiana Pacers,"4,0"
Jordan,Miller,Guard,Los Angeles Clippers,"4,0"
Kobe,Brown,Forward,Los Angeles Clippers,"4,0"
Jalen,Hood-Schifino,Guard,Los Angeles Lakers,"4,0"
Maxwell,Lewis,Forward,Los Angeles Lakers,"4,0"
Jay,Huff,Center,Memphis Grizzlies,"4,0"
Miye,Oni,Guard,Memphis Grizzlies,"4,0"
Alondes,Williams,Guard,Miami Heat,"4,0"
Isaiah,Stevens,Guard,Miami Heat,"4,0"
Josh,Christopher,Guard,Miami Heat,"4,0"
Keshad,Johnson,Forward,Miami Heat,"4,0"
Zyon,Pullin,Guard,Miami Heat,"4,0"
Andre,Jackson Jr,Guard,Milwaukee Bucks,"4,0"
Anzejs,Pasecniks,Center,Milwaukee Bucks,"4,0"
Chris,Livingston,Forward,Milwaukee Bucks,"4,0"
Liam,Robbins,Center,Milwaukee Bucks,"4,0"
Ryan,Rollins,Guard,Milwaukee Bucks,"4,0"
Stanley,Umude,Guard,Milwaukee Bucks,"4,0"
Daishen,Nix,Guard,Minnesota Timberwolves,"4,0"
Jaylen,Clark,Guard,Minnesota Timberwolves,"4,0"
Leonard,Miller,Forward,Minnesota Timberwolves,"4,0"
Luka,Garza,Center,Minnesota Timberwolves,"4,0"
Jamal,Cain,Forward,New Orleans Pelicans,"4,0"
Malcolm,Hill,Forward,New Orleans Pelicans,"4,0"
Jacob,Toppin,Forward,New York Knicks,"4,0"
Keita,Bates-Diop,Forward,New York Knicks,"4,0"
Charlie,Brown Jr,Guard,New York Knicks,"4,0"
Duane,Washington Jr,Guard,New York Knicks,"4,0"
Adam,Flagler,Guard,Oklahoma City Thunder,"4,0"
Jett,Howard,Guard,Orlando Magic,"4,0"
Trevelin,Queen,Guard,Orlando Magic,"4,0"
Mac,McClung,Guard,Orlando Magic,"4,0"
Javonte,Smart,Guard,Orlando Magic,"4,0"
Lester,Quinones,Guard,Philadelphia 76ers,"4,0"
Adem,Bona,Forward,Philadelphia 76ers,"4,0"
David,Jones,Forward,Philadelphia 76ers,"4,0"
Justin,Edwards,Forward,Philadelphia 76ers,"4,0"
Collin,Gillespie,Guard,Phoenix Suns,"4,0"
TyTy,Washington,Guard,Phoenix Suns,"4,0"
Bryce,McGowens,Guard,Portland Trail Blazers,"4,0"
Justin,Minaya,Forward,Portland Trail Blazers,"4,0"
Colby,Jones,Guard,Sacramento Kings,"4,0"
Jordan,Ford,Guard,Sacramento Kings,"4,0"
Keon,Ellis,Guard,Sacramento Kings,"4,0"
Mason,Jones,Guard,Sacramento Kings,"4,0"
Jalen,Slawson,Forward,Sacramento Kings,"4,0"
Javale,McGee,Center,Sacramento Kings,"4,0"
Charles,Bassey,Center,San Antonio Spurs,"4,0"
David,Duke Jr,Guard,San Antonio Spurs,"4,0"
Jamaree,Bouyea,Guard,San Antonio Spurs,"4,0"
Sidy,Cissoko,Guard,San Antonio Spurs,"4,0"
DJ,Carton,Guard,Toronto Raptors,"4,0"
Garrett,Temple,Guard,Toronto Raptors,"4,0"
Jared,Rhoden,Guard,Toronto Raptors,"4,0"
Isaiah,Wong,Guard,Utah Jazz,"4,0"
Johnny,Juzang,Guard,Utah Jazz,"4,0"
Micah,Potter,Center,Utah Jazz,"4,0"
Oscar,Tshiebwe,Center,Utah Jazz,"4,0"
Svi,Mykhailiuk,Guard,Utah Jazz,"4,0"
Jared,Butler,Guard,Washington Wizards,"4,0"
Jules,Bernard,Guard,Washington Wizards,"4,0"
Justin,Champagnie,Guard,Washington Wizards,"4,0"